{"cameraMode":{"drawMode":0,"name":"Shaded","section":"Shading Mode"},"sceneLighting":true,"audioPlay":false,"sceneViewState":{"showFog":true,"showMaterialUpdate":false,"showSkybox":true,"showFlares":true,"showImageEffects":true,"showParticleSystems":true},"in2DMode":false,"pivot":{"x":2.3228135108947756,"y":4.988266944885254,"z":-0.6124850511550903},"rotation":{"x":0.3450950086116791,"y":-0.3431437611579895,"z":0.13637754321098329,"w":0.8630418181419373},"size":2.7828688621520998,"orthographic":false}