{"cameraMode":{"drawMode":0,"name":"Shaded","section":"Shading Mode"},"sceneLighting":true,"audioPlay":false,"sceneViewState":{"showFog":true,"showMaterialUpdate":false,"showSkybox":true,"showFlares":true,"showImageEffects":true,"showParticleSystems":true},"in2DMode":false,"pivot":{"x":-0.5085236430168152,"y":-0.3168206214904785,"z":0.0037965774536132814},"rotation":{"x":-0.28034722805023196,"y":0.0042389328591525558,"z":0.000022673380954074673,"w":-0.9600856900215149},"size":8.51744270324707,"orthographic":false}