{"count":1,"gauges":{"RobotBrain.CumulativeReward":{"count":2284,"max":1,"min":-1,"value":1,"weightedAverage":-0.468084037}},"self":1290.7171839999999,"total":1921.0045114,"children":{"AgentSendState":{"count":1487684,"self":13.182924,"total":18.2679462,"children":{"CollectObservations":{"count":148769,"self":1.0062251,"total":1.0062251,"children":null},"CollectDiscreteActionMasks":{"count":148769,"self":0.29976389999999997,"total":0.29976389999999997,"children":null},"AgentInfo.ToProto":{"count":148769,"self":1.5513712,"total":3.7790329999999996,"children":{"GenerateSensorData":{"count":148769,"self":2.2276618,"total":2.2276618,"children":null}}}}},"DecideAction":{"count":1487684,"self":601.8521088,"total":601.8520914,"children":null},"AgentAct":{"count":1487684,"self":10.1151736,"total":10.1657806,"children":{"AgentInfo.ToProto":{"count":2284,"self":0.01686,"total":0.0506073,"children":{"GenerateSensorData":{"count":2284,"self":0.0337473,"total":0.0337473,"children":null}}}}}}}