{"count":1,"gauges":{"RobotBrain.CumulativeReward":{"count":4,"max":1,"min":-1,"value":1,"weightedAverage":0.71875}},"self":18.0128336,"total":18.330139799999998,"children":{"AgentSendState":{"count":892,"self":0.0137819,"total":0.0167536,"children":{"CollectObservations":{"count":90,"self":0.0024752999999999997,"total":0.0024752999999999997,"children":null},"CollectDiscreteActionMasks":{"count":90,"self":0.0004964,"total":0.0004964,"children":null}}},"DecideAction":{"count":892,"self":0.283296,"total":0.283296,"children":null},"AgentAct":{"count":892,"self":0.015767899999999998,"total":0.015767899999999998,"children":null}}}