{"count":1,"gauges":{"RobotBrain.CumulativeReward":{"count":2,"max":1,"min":-1,"value":-1,"weightedAverage":0.5}},"self":68.8006784,"total":68.8849851,"children":{"AgentSendState":{"count":3419,"self":0.023291299999999997,"total":0.0283308,"children":{"CollectObservations":{"count":342,"self":0.0050395,"total":0.0050395,"children":null},"CollectDiscreteActionMasks":{"count":342,"self":0,"total":0,"children":null}}},"DecideAction":{"count":3419,"self":0.0069235999999999994,"total":0.0069235999999999994,"children":null},"AgentAct":{"count":3419,"self":0.048058899999999995,"total":0.048058899999999995,"children":null}}}